date,time,discord_user,x_handle,activity_type,activity_url,target_url,task_id,notes
2026-01-18,15:38:24,tonyler,tonyler_,quote,https://x.com/tonyler_/status/2012912467014308230,https://x.com/i/status/2012912467014308230,,$ATOM to triple digits
2026-01-19,07:34:35,pako_mess,pakomesscyber,quote,https://x.com/pakomesscyber/status/2013153094754820287,https://x.com/i/status/2013153094754820287,,"It's a great week to come out and say 

$ATOM to triple digits"
2026-01-18,17:02:40,chisei_24,cyber_aurora,comment,https://x.com/Cyber_Aurora/status/2012933671427187136,https://x.com/i/status/2012912467014308230,,$ATOM always
2026-01-18,17:26:58,mike_limas,mike_limas_gr,comment,https://x.com/Mike_Limas_GR/status/2012939785485144457,https://x.com/i/status/2012912467014308230,,My fav number is 999. Then 4 digit numbers follow 
2026-01-19,12:39:53,erevos77,erevos77,quote,https://x.com/erevos77/status/2013229928863404035,https://x.com/i/status/2012912467014308230,,$ATOM to triple digits
2026-01-18,16:40:43,_tasosp,psyccccc,quote,https://x.com/psyccccc/status/2012928148447297587,https://x.com/i/status/2012912467014308230,,$ATOM to triple digits
2026-01-18,15:45:03,mouxaxa,trofimatzis,quote,https://x.com/trofimatzis/status/2012914140310802780,https://x.com/i/status/2012912467014308230,,$ATOM to triple digits
2026-01-18,18:36:37,sirthanos,sirthanos60,quote,https://x.com/SirThanos60/status/2012957314358141326,https://x.com/i/status/2012912467014308230,,$ATOM to triple digits
2026-01-18,15:59:42,_crisxz,criszygo,quote,https://x.com/criszygo/status/2012917823962538298,https://x.com/i/status/2012912467014308230,,$ATOM to triple digits
2026-01-19,17:05:48,orioncybernetics,orionas_cosmos,repost,https://x.com/orionas_cosmos,https://x.com/i/status/2012912467014308230,,
2026-01-19,17:05:48,_crisxz,criszygo,repost,https://x.com/criszygo,https://x.com/i/status/2012912467014308230,,
2026-01-19,17:05:48,namaste108,securitylabgr,repost,https://x.com/SecurityLabGR,https://x.com/i/status/2012912467014308230,,
2026-01-19,17:05:48,burningskies,crypto_voyager7,repost,https://x.com/Crypto_Voyager7,https://x.com/i/status/2012912467014308230,,
2026-01-19,16:19:52,chisei_24,cyber_aurora,comment,https://x.com/Cyber_Aurora/status/2013285290530451816,https://x.com/i/status/2013153094754820287,,I really believe that though
2026-01-19,16:54:05,mike_limas,mike_limas_gr,comment,https://x.com/Mike_Limas_GR/status/2013293901092716978,https://x.com/i/status/2013153094754820287,,Sure!!
2026-01-19,07:44:13,_tasosp,psyccccc,quote,https://x.com/psyccccc/status/2013155522384380292,https://x.com/i/status/2013153094754820287,,$ATOM 100 
2026-01-19,17:06:43,_tasosp,psyccccc,repost,https://x.com/psyccccc,https://x.com/i/status/2013153094754820287,,
2026-01-19,17:06:43,cybernetics_knight,sakaflias_4,repost,https://x.com/sakaflias_4,https://x.com/i/status/2013153094754820287,,
2026-01-18,19:59:19,stelioswb,o_araras,comment,https://x.com/o_araras/status/2012978125102059737,https://x.com/i/status/2012912467014308230,,$ATOM 
2026-01-19,07:44:29,_tasosp,psyccccc,comment,https://x.com/psyccccc/status/2013155590147637321,https://x.com/i/status/2013153094754820287,,$ATOM 100
2026-01-19,11:30:21,nikolees_,niko_lees,comment,https://x.com/Niko_Lees/status/2013212428197060926,https://x.com/i/status/2013153094754820287,,
2026-01-19,14:05:04,burningskies,crypto_voyager7,comment,https://x.com/Crypto_Voyager7/status/2013251364239929722,https://x.com/i/status/2013153094754820287,,Easy...
2026-01-19,11:14:15,cybernetics_knight,sakaflias_4,comment,https://x.com/sakaflias_4/status/2013208377149575606,https://x.com/i/status/2013153094754820287,,$ATOM
2026-01-19,17:45:05,itsino_,tsin0s,comment,https://x.com/tsin0s/status/2013306734794641663,https://x.com/i/status/2013153094754820287,,$ATOM to 100 please Sir
2026-01-19,16:43:31,tonyler,tonyler_,comment,https://x.com/tonyler_/status/2013291241656430603,https://x.com/i/status/2013153094754820287,,Don't mess with @cosmos
